id,first_name,last_name,cc_number,expiry_month,expiry_year
1,Bealle,Darth,3531322085819190,12,2020
2,Tabitha,Alwell,4629898813576900,12,2020
3,Dorri,Blethin,3575967529684120,2,2021
4,Zed,Blais,5018270448034270,11,2020
5,Simonette,Latch,6763300664131030,5,2020
6,Avrit,Else,3584179369714280,5,2020
7,Zachery,Dewis,9201505447162860,1,2021
8,Brant,Redpath,4508437553518420,2,2021
9,Phineas,Deviney,4913542635272000,9,2020
10,Dorena,Tyson,3531060981709510,9,2020
11,Otho,Connock,3578834573002550,4,2020
12,Traver,Troup,9201873810466940,7,2020
13,Willem,Roby,1430341968210750,6,2020
14,Christyna,Kalkhoven,4844964855071970,3,2022
15,Reid,Medd,3578435965281100,9,2020
16,Maggy,Bettanay,4041374121290040,4,2020
17,Birgit,Roggerone,3532863304506060,1,2021
18,Nicky,Frift,5149278089318460,6,2020
19,Retha,Slowey,5610472890706540,10,2020
20,Karita,Oxtiby,5020376252707960,3,2020
21,Rori,Licence,3580673703315910,2,2021
22,Caty,Coulston,4936232092794270,11,2020
23,Wendell,Overnell,3555921583730470,8,2020
24,Mordecai,Connor,6304252317409050,12,2020
25,Hussein,Texton,9201561535445450,4,2020
26,Geri,Dufaire,6767639440091260,1,2021
27,Camilla,Di Napoli,5602225779722140,8,2020
28,Warren,Shuttle,3554874047967490,5,2020
29,Phineas,Oneill,4175001391948250,3,2020
30,Claresta,Purselowe,3034569647679800,5,2020
31,Chico,Kippling,5602212145554440,5,2020
32,Corie,McNae,3582014707288620,4,2020
33,Dunstan,Cosley,3549624635457790,10,2020
34,Clemmie,Skeels,3559933021273920,7,2020
35,Bette-ann,Siggins,3055637656622500,7,2020
36,Jillana,Braunds,6767195648016350,11,2020
37,Tallie,Birrell,3569425571400110,9,2020
38,Jolie,Djorvic,6763440467838500,11,2020
39,Glad,Flores,5020246282614360,1,2021
40,Yasmin,Staunton,5602244161436910,5,2020
41,Melamie,Ferens,5582166810831610,10,2020
42,Claudina,Filan,6377269784999620,2,2021
43,Ivie,Kinsey,5602222994948200,9,2020
44,Montgomery,Stopper,3530710909995010,9,2020
45,Cosme,Down,5018896421488970,1,2021
46,Rose,Oger,5018459165045400,1,2021
47,Burg,Donnell,2018194409842680,7,2020
48,Sharleen,Bartkowiak,3576682652216870,9,2020
49,Simeon,Redhouse,3584911114556410,2,2021
50,Guenevere,Woodthorpe,3577926528560360,11,2020
